{
  "project_info": {
    "project_number": "84693458303",
    "firebase_url": "https://proyecto-intecap-a0bdc.firebaseio.com",
    "project_id": "proyecto-intecap-a0bdc",
    "storage_bucket": "proyecto-intecap-a0bdc.appspot.com"
  },
  "client": [
    {
      "client_info": {
        "mobilesdk_app_id": "1:84693458303:android:9fa83b62e1063e165ace4a",
        "android_client_info": {
          "package_name": "com.firebase.appauthfirebase"
        }
      },
      "oauth_client": [
        {
          "client_id": "84693458303-o5osfm29hs6bsc4k5eurvkogp17nschc.apps.googleusercontent.com",
          "client_type": 1,
          "android_info": {
            "package_name": "com.firebase.appauthfirebase",
            "certificate_hash": "059ddc9763d84999e92b9ed4ddd8beab70b952ec"
          }
        },
        {
          "client_id": "84693458303-5q90lc68q4vo0ggcnc6kliadsh5mnchp.apps.googleusercontent.com",
          "client_type": 3
        }
      ],
      "api_key": [
        {
          "current_key": "AIzaSyDrsCr1qsK3JpUP5sXEolmSUAvSNkkK2l0"
        }
      ],
      "services": {
        "appinvite_service": {
          "other_platform_oauth_client": [
            {
              "client_id": "84693458303-5q90lc68q4vo0ggcnc6kliadsh5mnchp.apps.googleusercontent.com",
              "client_type": 3
            }
          ]
        }
      }
    },
    {
      "client_info": {
        "mobilesdk_app_id": "1:84693458303:android:0ab7d66a617019a75ace4a",
        "android_client_info": {
          "package_name": "com.firebase.firebasecrud"
        }
      },
      "oauth_client": [
        {
          "client_id": "84693458303-uilvgcqfu5qokh497qapoau3c7tc8dh3.apps.googleusercontent.com",
          "client_type": 1,
          "android_info": {
            "package_name": "com.firebase.firebasecrud",
            "certificate_hash": "059ddc9763d84999e92b9ed4ddd8beab70b952ec"
          }
        },
        {
          "client_id": "84693458303-5q90lc68q4vo0ggcnc6kliadsh5mnchp.apps.googleusercontent.com",
          "client_type": 3
        }
      ],
      "api_key": [
        {
          "current_key": "AIzaSyDrsCr1qsK3JpUP5sXEolmSUAvSNkkK2l0"
        }
      ],
      "services": {
        "appinvite_service": {
          "other_platform_oauth_client": [
            {
              "client_id": "84693458303-5q90lc68q4vo0ggcnc6kliadsh5mnchp.apps.googleusercontent.com",
              "client_type": 3
            }
          ]
        }
      }
    }
  ],
  "configuration_version": "1"
}